-- to create the testdb
-- CREATE DATABASE testdb;

-- to delete all tables in testdb
-- DROP TABLE SCHEDULE;
-- DROP TABLE COURSE;
-- DROP TABLE PROFESSOR;
-- DROP TABLE DEPARTMENT;

-- to create various tables in chornological order.
CREATE TABLE IF NOT EXISTS DEPARTMENT(
  ID INTEGER PRIMARY KEY,
  NAME VARCHAR(255) UNIQUE NOT NULL
);

CREATE TABLE PROFESSOR (
  ID INTEGER PRIMARY KEY,
  NAME VARCHAR(255) NOT NULL,
  DEPARTMENT_ID INTEGER NOT NULL REFERENCES DEPARTMENT(ID)
);


CREATE TABLE COURSE(
  ID INTEGER PRIMARY KEY,
  NAME VARCHAR(255) NOT NULL,
  DEPARTMENT_ID INTEGER NOT NULL REFERENCES DEPARTMENT(ID),
  CREDITS INTEGER NOT NULL
);

CREATE TABLE SCHEDULE(
  PROFESSOR_ID INTEGER NOT NULL REFERENCES PROFESSOR(ID),
  COURSE_ID INTEGER NOT NULL REFERENCES COURSE(ID),
  SEMESTER INTEGER NOT NULL,
  YEAR INTEGER NOT NULL,
  PRIMARY KEY (PROFESSOR_ID,COURSE_ID,SEMESTER,YEAR)
);

-- INSERT INTO DEPARTMENT TABLE;
INSERT INTO DEPARTMENT (ID,NAME) VALUES (3,'Biological Sciences');
INSERT INTO DEPARTMENT (ID,NAME) VALUES (5,'Technology');
INSERT INTO DEPARTMENT (ID,NAME) VALUES (6,'Humanities & Social Sciences');
INSERT INTO DEPARTMENT (ID,NAME) VALUES (2,'Clinical Medicine');
INSERT INTO DEPARTMENT (ID,NAME) VALUES (4,'Arts and Humanities');
INSERT INTO DEPARTMENT (ID,NAME) VALUES (1,'Physical Sciences');

-- INSERT INTO PROFESSOR TABLE;
INSERT INTO PROFESSOR (ID,NAME,DEPARTMENT_ID) VALUES (1,'John Doe',5);
INSERT INTO PROFESSOR (ID,NAME,DEPARTMENT_ID) VALUES (8,'Camden Lin',1);
INSERT INTO PROFESSOR (ID,NAME,DEPARTMENT_ID) VALUES (9,'Daniel Hicks',5);
INSERT INTO PROFESSOR (ID,NAME,DEPARTMENT_ID) VALUES (2,'Frida Mcintosh',2);
INSERT INTO PROFESSOR (ID,NAME,DEPARTMENT_ID) VALUES (10,'Timothy Hickman',4);
INSERT INTO PROFESSOR (ID,NAME,DEPARTMENT_ID) VALUES (3,'Grace Avery',1);
INSERT INTO PROFESSOR (ID,NAME,DEPARTMENT_ID) VALUES (4,'Ada Osborne',3);
INSERT INTO PROFESSOR (ID,NAME,DEPARTMENT_ID) VALUES (7,'Sarahi Barry',2);
INSERT INTO PROFESSOR (ID,NAME,DEPARTMENT_ID) VALUES (5,'Rowan Graves',1);
INSERT INTO PROFESSOR (ID,NAME,DEPARTMENT_ID) VALUES (6,'Selena Owen',5);

-- INSERT INTO COURSE TABLE;
INSERT INTO COURSE (ID,NAME,DEPARTMENT_ID,CREDITS) VALUES (9,'Clinical Biochemistry',2,3);
INSERT INTO COURSE (ID,NAME,DEPARTMENT_ID,CREDITS) VALUES (4,'Astronomy',1,6);
INSERT INTO COURSE (ID,NAME,DEPARTMENT_ID,CREDITS) VALUES (10,'Clinical Neuroscience',2,5);
INSERT INTO COURSE (ID,NAME,DEPARTMENT_ID,CREDITS) VALUES (1,'Pure Mathematics and Mathematical Statistics',1,3);
INSERT INTO COURSE (ID,NAME,DEPARTMENT_ID,CREDITS) VALUES (6,'Geography',1,7);
INSERT INTO COURSE (ID,NAME,DEPARTMENT_ID,CREDITS) VALUES (8,'Chemistry',1,1);
INSERT INTO COURSE (ID,NAME,DEPARTMENT_ID,CREDITS) VALUES (5,'Physics',1,8);
INSERT INTO COURSE (ID,NAME,DEPARTMENT_ID,CREDITS) VALUES (3,'Earth Science',1,7);
INSERT INTO COURSE (ID,NAME,DEPARTMENT_ID,CREDITS) VALUES (7,'Materials Science and Metallurgy',1,5);
INSERT INTO COURSE (ID,NAME,DEPARTMENT_ID,CREDITS) VALUES (2,'Applied Mathematics and Theoretical Physics',1,5);

-- INSERT INTO SCHEDULE TABLE;
INSERT INTO SCHEDULE (PROFESSOR_ID,COURSE_ID,SEMESTER,YEAR) VALUES (5,3,6,2012);
INSERT INTO SCHEDULE (PROFESSOR_ID,COURSE_ID,SEMESTER,YEAR) VALUES (7,3,1,2013);
INSERT INTO SCHEDULE (PROFESSOR_ID,COURSE_ID,SEMESTER,YEAR) VALUES (5,7,6,2010);
INSERT INTO SCHEDULE (PROFESSOR_ID,COURSE_ID,SEMESTER,YEAR) VALUES (2,10,2,2004);
INSERT INTO SCHEDULE (PROFESSOR_ID,COURSE_ID,SEMESTER,YEAR) VALUES (5,1,1,2011);
INSERT INTO SCHEDULE (PROFESSOR_ID,COURSE_ID,SEMESTER,YEAR) VALUES (2,9,4,2005);
INSERT INTO SCHEDULE (PROFESSOR_ID,COURSE_ID,SEMESTER,YEAR) VALUES (7,10,6,2009);
INSERT INTO SCHEDULE (PROFESSOR_ID,COURSE_ID,SEMESTER,YEAR) VALUES (5,6,4,2007);
INSERT INTO SCHEDULE (PROFESSOR_ID,COURSE_ID,SEMESTER,YEAR) VALUES (7,9,1,2014);
INSERT INTO SCHEDULE (PROFESSOR_ID,COURSE_ID,SEMESTER,YEAR) VALUES (9,9,5,2011);
